run,epochs,mse
1,100,0.04598682914911851
2,100,0.05019711282812591
3,100,0.04273481468085337
4,100,0.04351569172043824
5,100,0.048695297207083016
6,100,0.04588325980036996
7,100,0.04186164356507163
8,100,0.0459043091607924
9,100,0.053232720613041955
10,100,0.047137397082732985
