target_mse,epochs,total_time,mse
0.05,593,66.76601958274841,0.11873268605721986
0.045,1000,112.08538341522217,0.09590961638386006
0.04,1000,112.77752256393433,0.07787833248544797
0.035,1000,115.26333785057068,0.0467186894438327
0.03,1000,113.42978048324585,0.06062661588472866
