run,epochs,mse
1,200,0.030124713509043936
2,200,0.024362310251951645
3,200,0.05158348407777562
4,200,0.04145546174997362
5,200,0.025069570210295957
6,200,0.03854925992241105
7,200,0.04505826602052764
8,200,0.02729254347796174
9,200,0.027271521471471275
10,200,0.021657716365086403
